﻿RID,Treatment,Sample ID,group
1,PBS XXM,2030,XMP
2,PBS XXM,2032,XMP
3,PBS XXM,2267,XMP
4,PBS XYF,2033,YFP
5,PBS XXF,2260,XFP
6,PBS XXF,2280,XFP
7,PBS XYM,2028,YMP
8,PBS XYM,2265,YMP
9,PBS XYM,2266,YMP
10,PBS XYF,2041,YFP
11,PBS XYF,2042,YFP
12,PBS XYF,2173,YFP
13,HDM XXM,2031,XMH
14,HDM XXM,2262,XMH
15,HDM XXM,2157,XMH
16,HDM XXF,2216,XFH
17,HDM XXF,2217,XFH
18,HDM XXF,2270,XFH
19,HDM XYM,2263,YMH
20,HDM XYM,2272,YMH
21,HDM XYM,2184,YMH
22,HDM XYF,2268,YFH
23,HDM XYF,2269,YFH
24,HDM XYF,2038,YFH
25,PBS XXM,2273,XMP
26,PBS XXM,2274,XMP
27,PBS XXM,2345,XMP
28,PBS XXF,2279,XFP
29,PBS XXF,2352,XFP
30,PBS XXF,2350,XFP
31,PBS XYM,2282,YMP
32,PBS XYM,2283,YMP
33,PBS XYM,2348,YMP
34,PBS XYF,2277,YFP
35,PBS XYF,2351,YFP
36,PBS XYF,2353,YFP
37,HDM XXM,2264,XMH
38,HDM XXM,2355,XMH
39,HDM XXM,2358,XMH
40,HDM XXF,2286,XFH
41,HDM XXF,2176,XFH
42,HDM XXF,2034,XFH
43,HDM XYM,2026,YMH
44,HDM XYM,2027,YMH
45,HDM XYM,2392,YMH
46,HDM XYF,2393,YFH
47,HDM XYF,2361,YFH
48,HDM XYF,2363,YFH
