﻿RID,Treatment,Sample_ID,group,Experimental
1,PBS_XXM,2273,XMP,Control_Group_1
2,PBS_XXM,2032,XMP,Control_Group_1
3,PBS_XXM,2267,XMP,Control_Group_1
4,PBS_XXF,2279,XFP,Control_Group_2
5,PBS_XXF,2260,XFP,Control_Group_2
6,PBS_XXF,2280,XFP,Control_Group_2
7,PBS_XYM,2028,YMP,Control_Group_3
8,PBS_XYM,2265,YMP,Control_Group_3
9,PBS_XYM,2266,YMP,Control_Group_3
10,PBS_XYF,2041,YFP,Control_Group_4
11,PBS_XYF,2042,YFP,Control_Group_4
12,PBS_XYF,2173,YFP,Control_Group_4
13,HDM_XXM,2031,XMH,Test_Group_1
14,HDM_XXM,2262,XMH,Test_Group_1
15,HDM_XXM,2157,XMH,Test_Group_1
16,HDM_XXF,2216,XFH,Test_Group_2
17,HDM_XXF,2217,XFH,Test_Group_2
18,HDM_XXF,2270,XFH,Test_Group_2
19,HDM_XYM,2263,YMH,Test_Group_3
20,HDM_XYM,2272,YMH,Test_Group_3
21,HDM_XYM,2184,YMH,Test_Group_3
22,HDM_XYF,2268,YFH,Test_Group_4
23,HDM_XYF,2269,YFH,Test_Group_4
24,HDM_XYF,2038,YFH,Test_Group_4
25,HDM_XYF,2277,YFH,Test_Group_4
1.2,PBS_XXM,2274,XMP,Control_Group_1
2.2,PBS_XXM,2345,XMP,Control_Group_1
3.2,PBS_XXF,2352,XFP,Control_Group_2
4.2,PBS_XXF,2350,XFP,Control_Group_2
5.2,PBS_XYM,2282,YMP,Control_Group_3
6.2,PBS_XYM,2283,YMP,Control_Group_3
7.2,PBS_XYM,2348,YMP,Control_Group_3
8.2,HDM_XYF,2393,YFH,Test_Group_4
9.2,PBS_XYF,2351,YFP,Control_Group_4
10.2,PBS_XYF,2353,YFP,Control_Group_4
11.2,HDM_XXM,2264,XMH,Test_Group_1
12.2,HDM_XXM,2355,XMH,Test_Group_1
13.2,HDM_XXM,2358,XMH,Test_Group_1
14.2,HDM_XXF,2286,XFH,Test_Group_2
15.2,HDM_XXF,2176,XFH,Test_Group_2
16.2,HDM_XXF,2034,XFH,Test_Group_2
17.2,HDM_XYM,2026,YMH,Test_Group_3
18.2,HDM_XYM,2027,YMH,Test_Group_3
19.2,HDM_XYM,2392,YMH,Test_Group_3
20.2,HDM_XYF,2361,YFH,Test_Group_4
21.2,HDM_XYF,2363,YFH,Test_Group_4
